<Objs Version="1.1.0.1" xmlns="http://schemas.microsoft.com/powershell/2004/04">
  <Obj RefId="0">
    <TN RefId="0">
      <T>Microsoft.PowerShell.Commands.PSRepositoryItemInfo</T>
      <T>System.Management.Automation.PSCustomObject</T>
      <T>System.Object</T>
    </TN>
    <MS>
      <S N="Name">PSMSI</S>
      <Version N="Version">0.0.3</Version>
      <S N="Type">Module</S>
      <S N="Description">Create MSIs with PowerShell.</S>
      <S N="Author">Adam Driscoll</S>
      <S N="CompanyName">adamdriscoll</S>
      <S N="Copyright">(c) Ironman Software. All rights reserved.</S>
      <DT N="PublishedDate">2025-02-27T20:12:04+00:00</DT>
      <Obj N="InstalledDate" RefId="1">
        <DT>2025-03-21T11:26:49.7781834+00:00</DT>
        <MS>
          <Obj N="DisplayHint" RefId="2">
            <TN RefId="1">
              <T>Microsoft.PowerShell.Commands.DisplayHintType</T>
              <T>System.Enum</T>
              <T>System.ValueType</T>
              <T>System.Object</T>
            </TN>
            <ToString>DateTime</ToString>
            <I32>2</I32>
          </Obj>
        </MS>
      </Obj>
      <Nil N="UpdatedDate" />
      <URI N="LicenseUri">https://www.github.com/ironmansoftware/psmsi/LICENSE</URI>
      <URI N="ProjectUri">https://www.github.com/ironmansoftware/psmsi</URI>
      <Nil N="IconUri" />
      <Obj N="Tags" RefId="3">
        <TN RefId="2">
          <T>System.Object[]</T>
          <T>System.Array</T>
          <T>System.Object</T>
        </TN>
        <LST>
          <S>MSI</S>
          <S>installer</S>
          <S>PSModule</S>
        </LST>
      </Obj>
      <Obj N="Includes" RefId="4">
        <TN RefId="3">
          <T>System.Collections.Hashtable</T>
          <T>System.Object</T>
        </TN>
        <DCT>
          <En>
            <S N="Key">Command</S>
            <Obj N="Value" RefId="5">
              <TNRef RefId="2" />
              <LST>
                <S>New-Installer</S>
                <S>New-InstallerFile</S>
                <S>New-InstallerShortcut</S>
                <S>New-InstallerDirectory</S>
                <S>New-InstallerUserInterface</S>
                <S>New-InstallerCustomAction</S>
              </LST>
            </Obj>
          </En>
          <En>
            <S N="Key">RoleCapability</S>
            <Obj N="Value" RefId="6">
              <TNRef RefId="2" />
              <LST />
            </Obj>
          </En>
          <En>
            <S N="Key">DscResource</S>
            <Ref N="Value" RefId="6" />
          </En>
          <En>
            <S N="Key">Function</S>
            <Ref N="Value" RefId="6" />
          </En>
          <En>
            <S N="Key">Workflow</S>
            <Ref N="Value" RefId="6" />
          </En>
          <En>
            <S N="Key">Cmdlet</S>
            <Obj N="Value" RefId="7">
              <TNRef RefId="2" />
              <LST>
                <S>New-Installer</S>
                <S>New-InstallerFile</S>
                <S>New-InstallerShortcut</S>
                <S>New-InstallerDirectory</S>
                <S>New-InstallerUserInterface</S>
                <S>New-InstallerCustomAction</S>
              </LST>
            </Obj>
          </En>
        </DCT>
      </Obj>
      <Nil N="PowerShellGetFormatVersion" />
      <Nil N="ReleaseNotes" />
      <Obj N="Dependencies" RefId="8">
        <TNRef RefId="2" />
        <LST />
      </Obj>
      <S N="RepositorySourceLocation">https://www.powershellgallery.com/api/v2</S>
      <S N="Repository">PSGallery</S>
      <S N="PackageManagementProvider">NuGet</S>
      <Obj N="AdditionalMetadata" RefId="9">
        <TN RefId="4">
          <T>System.Management.Automation.PSCustomObject</T>
          <T>System.Object</T>
        </TN>
        <MS>
          <S N="copyright">(c) Ironman Software. All rights reserved.</S>
          <S N="description">Create MSIs with PowerShell.</S>
          <S N="requireLicenseAcceptance">False</S>
          <S N="isLatestVersion">True</S>
          <S N="isAbsoluteLatestVersion">True</S>
          <S N="versionDownloadCount">130</S>
          <S N="downloadCount">14787</S>
          <S N="packageSize">6738032</S>
          <S N="published">27/02/2025 20:12:04 +00:00</S>
          <S N="created">27/02/2025 20:12:04 +00:00</S>
          <S N="lastUpdated">21/03/2025 11:10:00 +00:00</S>
          <S N="tags">MSI installer PSModule PSCmdlet_New-Installer PSCommand_New-Installer PSCmdlet_New-InstallerFile PSCommand_New-InstallerFile PSCmdlet_New-InstallerShortcut PSCommand_New-InstallerShortcut PSCmdlet_New-InstallerDirectory PSCommand_New-InstallerDirectory PSCmdlet_New-InstallerUserInterface PSCommand_New-InstallerUserInterface PSCmdlet_New-InstallerCustomAction PSCommand_New-InstallerCustomAction PSIncludes_Cmdlet</S>
          <S N="developmentDependency">False</S>
          <S N="updated">2025-03-21T11:10:00Z</S>
          <S N="NormalizedVersion">0.0.3</S>
          <S N="Authors">Adam Driscoll</S>
          <S N="IsPrerelease">false</S>
          <S N="ItemType">Module</S>
          <S N="FileList">PSMSI.nuspec|Wix\bin\WixCop.exe|PSMSI.deps.json|Wix\bin\insignia.exe|Wix\bin\nit.exe|Wix\bin\WixDependencyExtension.dll|PSMSI.dll|Wix\bin\insignia.exe.config|Wix\bin\nit.exe.config|Wix\bin\WixDifxAppExtension.dll|Wix\bin\LICENSE.TXT|Wix\bin\pyro.exe|Wix\bin\WixDirectXExtension.dll|PSMSI.pdb|Wix\bin\light.exe|Wix\bin\pyro.exe.config|Wix\bin\WixFirewallExtension.dll|PSMSI.psd1|Wix\bin\light.exe.config|Wix\bin\retina.exe|Wix\bin\WixGamingExtension.dll|SixLabors.Core.dll|Wix\bin\lit.exe|Wix\bin\retina.exe.config|Wix\bin\WixHttpExtension.dll|SixLabors.ImageSharp.dll|Wix\bin\lit.exe.config|Wix\bin\shine.exe|Wix\bin\WixIIsExtension.dll|System.Buffers.dll|Wix\bin\lux.exe|Wix\bin\shine.exe.config|Wix\bin\WixLuxExtension.dll|System.Management.Automation.dll|Wix\bin\lux.exe.config|Wix\bin\smoke.exe|Wix\bin\WixMsmqExtension.dll|System.Memory.dll|Wix\bin\lux.targets|Wix\bin\smoke.exe.config|Wix\bin\WixNetFxExtension.dll|System.Numerics.Vectors.dll|Wix\bin\LuxTasks.dll|Wix\bin\ThmViewer.exe|Wix\bin\WixPSExtension.dll|System.Runtime.CompilerServices.Unsafe.dll|Wix\bin\melt.exe|Wix\bin\torch.exe|Wix\bin\WixSqlExtension.dll|Wix\bin\candle.exe|Wix\bin\melt.exe.config|Wix\bin\torch.exe.config|Wix\bin\WixTagExtension.dll|Wix\bin\candle.exe.config|Wix\bin\mergemod.cub|Wix\bin\wconsole.dll|Wix\bin\WixTasks.dll|Wix\bin\darice.cub|Wix\bin\mergemod.dll|Wix\bin\winterop.dll|Wix\bin\WixUIExtension.dll|Wix\bin\dark.exe|Wix\bin\Microsoft.Deployment.Compression.Cab.dll|Wix\bin\wix.dll|Wix\bin\WixUtilExtension.dll|Wix\bin\dark.exe.config|Wix\bin\Microsoft.Deployment.Compression.dll|Wix\bin\wix.targets|Wix\bin\WixVSExtension.dll|Wix\bin\difxapp_x005F_x64.wixlib|Wix\bin\Microsoft.Deployment.Resources.dll|Wix\bin\wix200x.targets|Wix\bin\WixVSExtension.MSBuild12.dll|Wix\bin\difxapp_x005F_x86.wixlib|Wix\bin\Microsoft.Deployment.WindowsInstaller.dll|Wix\bin\wix2010.targets|Wix\bin\WixVSExtension.MSBuild14.dll|Wix\bin\heat.exe|Wix\bin\Microsoft.Deployment.WindowsInstaller.Package.dll|Wix\bin\WixBalExtension.dll|Wix\bin\x86\burn.exe|Wix\bin\heat.exe.config|Wix\bin\mspatchc.dll|Wix\bin\WixComPlusExtension.dll</S>
          <S N="GUID">7de0af83-c438-4252-9f5d-b7d4409b152e</S>
          <S N="CompanyName">Ironman Software</S>
        </MS>
      </Obj>
      <S N="InstalledLocation">C:\Users\ScottMcAllister\OneDrive - Patch My PC\Documents\PowerShell\Modules\PSMSI\0.0.3</S>
    </MS>
  </Obj>
</Objs>
